{
    "Disabled": [
        true,
        "bool"
    ],
    "CpanelHost": [
        "127.0.0.1",
        "string"
    ],
    "CpanelPort": [
        "2083",
        "string"
    ],
    "CpanelUser": [
        "",
        "string"
    ],
    "CpanelPassword": [
        "",
        "string"
    ],
    "UserDefaultQuotaMB": [
        1,
        "int"
    ],
    "SupportedServers": [
        [
            "*"
        ],
        "array"
    ],
    "AllowCreateDeleteAccountOnCpanel": [
        false,
        "bool"
    ],
    "AllowAliases": [
        false,
        "bool"
    ],
    "ForwardScriptPath": [
        "\/home\/privatemail\/public_html\/scripts\/process_mail.php",
        "string"
    ]
}